name,url,username,password,note
account.jetbrains.com,https://account.jetbrains.com/login,eyck.arturo@icloud.com,Bulletclub4life,
account.live.com,https://account.live.com/recover,eyck.arturo@hotmail.com,Bulletclub4life_,
account.mongodb.com,https://account.mongodb.com/account/login,eyck.arturo@icloud.com,Bulletclub4life,
account.ubisoft.com,https://account.ubisoft.com/en-US/login/change-password,eyck.arturo@hotmail.com,Bulletclub4life_,
accounts.google.com,https://accounts.google.com/signin/v2/challenge/pwd,anamaritzara,Mortalkombat10,
accounts.google.com,https://accounts.google.com/signin/v2/challenge/pwd,atapia@estudiante.unap.edu.pe,Mortalkombat10,
accounts.google.com,https://accounts.google.com/signin/v2/challenge/pwd,atapiar@est.unap.edu.pe,mortalkombat9,
accounts.google.com,https://accounts.google.com/signin/v2/challenge/pwd,eyck.artur,Mortalkombat_9,
accounts.google.com,https://accounts.google.com/signin/v2/challenge/pwd,eyck.artur@gmail.com,Mortalkombat10,
accounts.google.com,https://accounts.google.com/signin/v2/challenge/pwd,xfibben,Mortalkombat10,
accounts.google.com,https://accounts.google.com/signup/v2/webcreateaccount,bananonbebe10,Contrase;adebananon1,
accounts.google.com,https://accounts.google.com/signup/v2/webcreateaccount,eyck.arturo,Bulletclub4life,
accounts.google.com,https://accounts.google.com/signup/v2/webcreateaccount,oswaldoeyck,tapiachavez42,
accounts.google.com,https://accounts.google.com/v3/signin/challenge/pwd,xfibben@gmail.com,Mortalkombat10,
accounts.pixiv.net,https://accounts.pixiv.net/login,eyck.arturo@hotmail.com,Bulletclub_4life,
accounts.zoho.com,https://accounts.zoho.com/signin,atapia@oz-solutions.com.pe,Bulletclub4life,
aminoapps.com,https://aminoapps.com/,946607803,mortalkombat9,
app.clowdwork.com,https://app.clowdwork.com/,atapia@oz-solutions.com.pe,12341234,
app.infinityfree.net,https://app.infinityfree.net/register,eyck.artur@gmail.com,Bulletclub4life,
app.sendgrid.com,https://app.sendgrid.com/login,eyck.arturo@gmail.com,Bulletcubforforlife,
app.sendgrid.com,https://app.sendgrid.com/login,eyck.arturo@icloud.com,Bulletclub4life-,
appleid.apple.com,https://appleid.apple.com/auth/authorize,eyck.arturo@icloud.com,Switchblade4life,
asis.drepuno.gob.pe,https://asis.drepuno.gob.pe/drep2022/administrator/,etebes,Administrador1,
aulavirtual2.unap.edu.pe,https://aulavirtual2.unap.edu.pe/login,arturotapia,mortalkombat9,
auth.riotgames.com,https://auth.riotgames.com/login,farbywaves,Bulletclub4life,
auth0.openai.com,https://auth0.openai.com/u/login/password,eyck.arturo@icloud.com,Switchblade4life,
authenticate.riotgames.com,https://authenticate.riotgames.com/,farbywaves,Bulletclub4life,
bet2earn.com,https://bet2earn.com/es/signup,xfibben,Bulletclub4life,
bibliotecavirtualunap.remotexs.co,https://bibliotecavirtualunap.remotexs.co/es/user/reset/3248/1615394177/v2N-iQTiOlt7Zghrhmc7Lul3h23teExtaEGCAPV4Pqc,,Mortalkombat_9,
campus.unap.edu.pe,https://campus.unap.edu.pe/login,arturotapia,mortalkombat9,
canvas.instructure.com,https://canvas.instructure.com/login/canvas,eyck.artur@gmail.com,Mortalkombat_9,
chaturbate.com,https://chaturbate.com/vivid_whit/,xfibben,Bulletclub4life_,
cloud.digitalocean.com,https://cloud.digitalocean.com/registrations/email,eyck.arturo@icloud.com,Bulletclub4life,
codeforces.com,https://codeforces.com/register,eyck.artur@gmail.com,Bulletclub_4life,
ctivitae.concytec.gob.pe,https://ctivitae.concytec.gob.pe/appDirectorioCTI/MantRegistroUsuario.do,72775179,Bulletclub4life,
cuevana3.io,https://cuevana3.io/serie/chucky,the messiah,mortalkombat9,
dashboard.honeygain.com,https://dashboard.honeygain.com/login,eyck.arturo@hotmail.com,mortalkombat9,
dashboard.stripe.com,https://dashboard.stripe.com/register,eyck.arturo@icloud.com,Bulletclub4life,
dina.concytec.gob.pe,https://dina.concytec.gob.pe/WS-DinaCONCYTEC/api/login.jsp,72775179,Bulletclub4life,
discord.com,https://discord.com/login,eyck.artur@gmail.com,Mortalkombat10,
discord.com,https://discord.com/login,eyck.arturo@hotmail.com,Bulletclub4life,
eboleta.drepuno.gob.pe,https://eboleta.drepuno.gob.pe/login.php,01282409,E220563A,
egresado.pe,https://egresado.pe/login,eyck.arturo@icloud.com,Bulletclub4life,
enrolment.oxfordlearn.com,https://enrolment.oxfordlearn.com/,eyck.artur@gmail.com,Mortalkombat_9,
es.chaturbate.com,https://es.chaturbate.com/auth/login/,xfibben,Bulletclub4life_,
es.recu.me,https://es.recu.me/account/signin,reveri3320@apdiv.com,reveri3320@apdiv.com,
evaluaciondocente.perueduca.pe,https://evaluaciondocente.perueduca.pe/inscripcion/sec,01315383,01315383ramos,
exe.io,https://exe.io/auth/signup,xfibben,mortalkombat9,
f95zone.to,https://f95zone.to/register/,fixxen,todaviatienesderecho2411,
fijucy.oz-solutions.pe,https://fijucy.oz-solutions.pe/web/login,fiorela.ap@fijucy.com,Enzito2017,
github.com,https://github.com/login,xfibben,Bulletclubforforlife,
github.com,https://github.com/session,eyck.arturo@icloud.com,Bulletclubforforlife,
hentaila.com,https://hentaila.com/login,eyck.arturo@hotmail.com,mortalkombat9,
hentaila.tv,https://hentaila.tv/,eyck.arturo@hotmail.com,mortalkombat9,
http://192.168.0.1,http://192.168.0.1/,,Administrador1,
http://209.45.57.109,http://209.45.57.109/mpvcsjp/login,01315383,01315383,
http://54.157.173.61,http://54.157.173.61/login/index.php,72775179,Bulletclub4life,
http://localhost,http://localhost/joomla/index.php/component/users/login,admin,Administrador1,
http://localhost,http://localhost/joomla/installation/index.php,arturo,administrador,
http://localhost,http://localhost/newflash/installation/index.php,eyck.artur@gmail.com,Administrador1,
http://localhost,http://localhost/wordpress/wp-login.php,administrador,administrador,
http://sistemas10.minedu.gob.pe,http://sistemas10.minedu.gob.pe/siagie3/Login.aspx,01306759,Ra01306759,
http://unapvirtual.unap.edu.pe,http://unapvirtual.unap.edu.pe/siu/idiomas/,arturotapia,72775179,
http://www.perueduca.pe,http://www.perueduca.pe/inicio,anamaritzara@gmail.com,01315383,
http://www.transparencia.gob.pe,http://www.transparencia.gob.pe/administracion/,etebes,7Kke115JV,
id.elsevier.com,https://id.elsevier.com/as/P7xJH/resume/as/authorization.ping,Tapia Ramos,BUlletclub4life,
id.elsevier.com,https://id.elsevier.com/as/authorization.oauth2,atapiar@est.unap.edu.pe,BUlletclub4life,
identity.cisco.com,https://identity.cisco.com/api/tenants/global/v1/am/login-actions/authenticate,eyck.artur@gmail.com,Mortalkombat9,
idmsa.apple.com,https://idmsa.apple.com/appleauth/auth/authorize/signin,eyck.arturo@icloud.com,Switchblade4life,
intranet.unap.edu.pe,https://intranet.unap.edu.pe/login,arturotapia,mortalkombat9,
launch.joomla.org,https://launch.joomla.org/,eyck.artur@gmail.com,mortalkombat9,
lectortmo.com,https://lectortmo.com/login,eyck.arturo@hotmail.com,mortalkombat9,
leetcode.com,https://leetcode.com/accounts/signup/,xfibben,Bulletclub4life,
login.live.com,https://login.live.com/oauth20_authorize.srf,eyck.arturo@hotmail.com,Bulletclub4life_,
manhwas.net,https://manhwas.net/xsecret/login,xfibben@gmail.com,mortalkombat9,
members.bet365.com,https://members.bet365.com/,eyck_arturo9,Bulletclub4life,
monkeytype.com,https://monkeytype.com/login,eyck.arturo@icloud.com,mortalkombat9,
my.account.sony.com,https://my.account.sony.com/central/signin/,payito5647@gmail.com,jadesita5,
nhentai.net,https://nhentai.net/login/,xfibben,mortalkombat9,
nsfw.xxx,https://nsfw.xxx/register,diabbb,Mortalkombat9,
odooprueba.gsa.com.pe,https://odooprueba.gsa.com.pe/web/login,odoo@gsa.com.pe,Ee}$xU]Guj3F,
omegaup.com,https://omegaup.com/login/,sultan,Bulletclub4life,
oz-solutions.com.pe,https://oz-solutions.com.pe/web/login,atapia@oz-solutions.com.pe,Bulletclub4life,
passport4seguridad.minedu.gob.pe,https://passport4seguridad.minedu.gob.pe/iniciarSesion,01282409,220563zZ,
pchujoy.com,https://pchujoy.com/login,eyck.arturo@icloud.com,Bulletclub4life,
pe.betano.com,https://pe.betano.com/myaccount/login,eyck.arturo@hotmail.com,Bulletclub4life,
platzi.com,https://platzi.com/login/,eyck.arturo@icloud.com,Bulletclub4life,
play.hbomax.com,https://play.hbomax.com/page/urn:hbo:page:home,payito5647@gmail.com,jadesita5,
play.hbomax.com,https://play.hbomax.com/signIn,hbobr29@gmail.com,Hbomax2!,
portal.aws.amazon.com,https://portal.aws.amazon.com/billing/signup,eyck.arturo@icloud.com,Bulletclub4life_,
recordbate.com,https://recordbate.com/register,hefof47313,hefof47313@bitofee.com,
recu.me,https://recu.me/signup,reveri3320@apdiv.com,reveri3320@apdiv.com,
recurbate.me,https://recurbate.me/signin,cacep51608@mcenb.com,mortalkombat9,
rive.app,https://rive.app/login/,eyck.arturo@icloud.com,Bulletclub4life,
shopstar.pe,https://shopstar.pe/tecnologia/televisores,eyck.arturo@icloud.com,Bulletclub4life,
signin.aws.amazon.com,https://signin.aws.amazon.com/signin,eyck.arturo@icloud.com,Bulletclub4life_,
signin.ea.com,https://signin.ea.com/p/originX/login,eyck.arturo@hotmail.com,Bulletclub4life,
signin.rockstargames.com,https://signin.rockstargames.com/reset-password/139597354/e730494e-18df-4216-87e1-92406161ae45,eyck.arturo@hotmail.com,Bulletclub4life,
signup.sendgrid.com,https://signup.sendgrid.com/,eyck.arturo@gmail.com,Bulletcubforforlife,
signup.sendgrid.com,https://signup.sendgrid.com/,eyck.arturo@icloud.com,Bulletclub4life-,
sistema.gsa.com.pe,https://sistema.gsa.com.pe/web/login,odoo@gsa.com.pe,Ee}$xU]Guj3F,
sso.crunchyroll.com,https://sso.crunchyroll.com/login,p.r.i.me.01.0.3.x.x@gmail.com,primetp223,
sso.godaddy.com,https://sso.godaddy.com/account/create,eyck.arturo@icloud.com,Bulletclub4life,
steamcommunity.com,https://steamcommunity.com/login/home/,tapiaramos,Bulletclub4life,
store.steampowered.com,https://store.steampowered.com/login,tapiaramos,Bulletclub4life,
teleticket.com.pe,https://teleticket.com.pe/Account/RegisterTlk,eyck.arturo@icloud.com,Bulletclub4life,
thothub.is,https://thothub.is/videos/431920/natalia-polyakova5/,chupape,chupape,
thothub.lol,https://thothub.lol/videos/459135/natalia-polyakova-natalipolyakov9-shake-boobs/,chupape,chupape,
tienda.power.com.pe,https://tienda.power.com.pe/web/login,admin_power,"7,9dfNL$GX",
topcomicporno.com,https://topcomicporno.com/manga/gamandekinai-mesuana/,xfibben,mortalkombat9,
tutoria2.unap.edu.pe,https://tutoria2.unap.edu.pe/login,arturotapia,mortalkombat9,
tv.movistar.com.pe,https://tv.movistar.com.pe/highlight,eyck.arturo@icloud.com,mortalkombat9,
twitter.com,https://twitter.com/i/flow/login,,Bulletclub4life,
twitter.com,https://twitter.com/login,eyck.arturo@hotmail.com,Xikwig-fovvit-3vyrzy,
us.account.battle.net,https://us.account.battle.net/login/es-es/,eyck.arturo@hotmail.com,Bulletclub4life,
us.battle.net,https://us.battle.net/login/es/,eyck.arturo@hotmail.com,Bulletclub4life,
vriunap.pe,https://vriunap.pe/pilar,Av. Juliaca 927,Bulletclub4life,
vriunap.pe,https://vriunap.pe/pilar,eyck.arturo@icloud.com,Bulletclub4life,
wallet.uphold.com,https://wallet.uphold.com/authorize/6d8d9473ed20be627f71ed46e207f40c004c5b1a,xfibben@gmail.com,Bulletclub4life,
watch.wwe.com,https://watch.wwe.com/signin,eyck.arturo@icloud.com,mortalkombat9,
www.afpintegra.pe,https://www.afpintegra.pe/iniciar-sesion,72775179,Bulletclub4life,
www.amazon.com,https://www.amazon.com/ap/signin,eyck.arturo@icloud.com,Seitchblade4life,
www.apuestatotal.com,https://www.apuestatotal.com/,eyck.arturo@hotmail.com,Bulletclub4life,
www.apuestatotal.com,https://www.apuestatotal.com/apuestas-deportivas/,eyck.arturo@icloud.com,Switchblade4life,
www.apuestatotal.com,https://www.apuestatotal.com/registro/,940744,Bulletclub4life,
www.awwwards.com,https://www.awwwards.com/inspiration_search/,xfibben,Bulletclub4life,
www.axeso5.com,https://www.axeso5.com/login,farbywaves,mortalkombat9,
www.bancofalabella.pe,https://www.bancofalabella.pe/tarjetas-credito-cmr/visa,72775179,013153,
www.bet365.com,https://www.bet365.com/,eyck_arturo9,Bulletclub4life,
www.betsson.com,https://www.betsson.com/pe/open-account,eyck.arturo@icloud.com,Bulletclub4life,
www.bumeran.com.pe,https://www.bumeran.com.pe/login,eyck.arturo@icloud.com,Bulletclub4life',
www.cineplanet.com.pe,https://www.cineplanet.com.pe/autenticacion/login,72775179,Bulletclub4life,
www.coursera.org,https://www.coursera.org/professional-certificates/ibm-data-science,eyck.arturo@icloud.com,Bulletclub4life,
www.disneyplus.com,https://www.disneyplus.com/es-419/login/password,,manicita25,
www.empleosperu.gob.pe,https://www.empleosperu.gob.pe/portal-mtpe/,72775179,Bulletclub4life,
www.epicgames.com,https://www.epicgames.com/id/login/reset-password,eyck.arturo@hotmail.com,Bulletclub4life,
www.escapefromtarkov.com,https://www.escapefromtarkov.com/login,eyck.arturo@icloud.com,Mortalkombat9,
www.facebook.com,https://www.facebook.com/,946607803,jyspoc-nyvtyV-6dispo,
www.gns3.com,https://www.gns3.com/account/register,eyck.arturo@hotmail.com,mortalkombat9,
www.instagram.com,https://www.instagram.com/,tap00tap,Mortalkombat_9,
www.instagram.com,https://www.instagram.com/accounts/login/,tap00tap,Bulletclub_4life,
www.joompaid.com,https://www.joompaid.com/loginregister.html,fibben,123456789,
www.linkedin.com,https://www.linkedin.com/signup/cold-join,eyck.arturo@icloud.com,Switchblade4life,
www.manhwas.net,https://www.manhwas.net/xsecret/login,xfibben@gmail.com,mortalkombat9,
www.mediafire.com,https://www.mediafire.com/lost_password.php,eyck.arturo@hotmail.com,Bulletclub4life,
www.mercadolibre.com,https://www.mercadolibre.com/jms/mpe/lgz/msl/login/H4sIAAAAAAAEAy2NSw7CMAwF7_LWpd1nyUUikzglwsGRY8Sn6t1RBcuRRjMbRNd6j_7ujAB-dampOiZ0IS9qLdaMgCaYMKrzHzsfChk1draBsB2hlfOZi9qRKiTjkOjh11hEnwi_FyasioCrex9hWaQOp6xzY0uUVerFeE7a5s6LcxLKemqc6F6Tnow-bNgnFBoe3SjdENwevH8Bb3BOv8oAAAA/enter-pass,eyck.artur@gmail.com,mortalkombat9,
www.movistarplay.com.pe,https://www.movistarplay.com.pe/highlight,eyck.arturo@icloud.com,mortalkombat9,
www.netflix.com,https://www.netflix.com/us-es/login,payito5647@gmail.com,farbywaves,
www.olimpo.bet,https://www.olimpo.bet/,eyckarturo9,Bulletclub4life,
www.oz-solutions.com.pe,https://www.oz-solutions.com.pe/web/login,atapia@oz-solutions.com.pe,Bulletclub4life,
www.paypal.com,https://www.paypal.com/signin,eyck.arturo@hotmail.com,Mortalkombat9,
www.paypal.com,https://www.paypal.com/webapps/hermes,eyck.arturo@icloud.com,taqkisbocby6saDrin,
www.reddit.com,https://www.reddit.com/account/login/,xfibben,Bulletclub4life,
www.redgifs.com,https://www.redgifs.com/signup,babeee,Mortalkombat9,
www.roblox.com,https://www.roblox.com/login,hannayttapi25,hannatapiaramos25,
www.sancristoballibros.com,https://www.sancristoballibros.com/registro/autenticacion.php,eyck.arturo@icloud.com,Bulletclub4life,
www.shopstar.pe,https://www.shopstar.pe/,eyck.arturo@icloud.com,Bulletclub4life,
www.softnyx.com,https://www.softnyx.com/member/member_simplereg.aspx,xfibben1,mortalkombat9,
www.starplus.com,https://www.starplus.com/es-419/login/password,eyck.arturo@icloud.com,Bulletclub4life,
www.starplus.com,https://www.starplus.com/es-419/login/password,fast0158@ivannnet.com,tvplus998,
www.starplus.com,https://www.starplus.com/es-419/login/password,prime0103xx+112@gmail.com,tvplus412,
www.starplus.com,https://www.starplus.com/es-419/login/password,prime0103xx+96@gmail.com,124store,
www.starplus.com,https://www.starplus.com/es-419/login/password,prime0103xx+97@gmail.com,tvplus99,
www.supersaas.es,https://www.supersaas.es/schedule/login/ImL_Rock/Sala_de_Ensayos,payito5647@gmail.com,jadesita5,
www.supersaas.es,https://www.supersaas.es/users/new/ImL_Rock,eyck.artur@gmail.com,Bulletclub4life,
www.transparencia.gob.pe,https://www.transparencia.gob.pe/administracion/,etebes,7Kke115JV,
www.turnitin.com,https://www.turnitin.com/newuser_join.asp,xfibben@gmail.com,mortalkombat9,
www.twitch.tv,https://www.twitch.tv/ibai,xfibbendatcom,Bulletclub4life_,
www.twitch.tv,https://www.twitch.tv/user/password-reset,xfibben,Bulletclub4life_9,
www.twitch.tv,https://www.twitch.tv/videos/1112219229,xfibbeN,mortalkombat9,
www.udemy.com,https://www.udemy.com/join/login-popup/,eyck.arturo@icloud.com,qotkyx-1puxMu-gymzyb,
www.weatherapi.com,https://www.weatherapi.com/signup.aspx,ur8mqd.cubxapr19@cguf.site,mortalkombat9,
www3.animeflv.net,https://www3.animeflv.net/anime/deadman-wonderland,eyck.arturo@hotmail.com,mortalkombat9,
www3.hentaila.com,https://www3.hentaila.com/login,eyck.arturo@hotmail.com,mortalkombat9,
